Total score,Reason,Company culture,Job satisfaction,Professional growth,Manager relationship,Compensation and benefits,Work-life balance,Satisfy?
7.31,Company culture,1.05,8.38,7.12,9.31,7.99,9.99,FALSE
7.82,Company culture,2.01,8.49,7.96,9.13,9.94,9.37,FALSE
6.93,Company culture,1.27,8.49,7.79,7,7.27,9.75,FALSE
7.6,Company culture,2.76,9.39,9.41,7.97,7.22,8.85,FALSE
7.19,Company culture,1.11,8.57,9.3,7.18,9.68,7.3,FALSE
7.2,Company culture,2.82,7.51,7.88,7.91,8.95,8.1,FALSE
7.59,Company culture,2.89,7.23,8.78,9.1,8.49,9.02,FALSE
7.3,Company culture,2.55,9.88,7.18,8.22,7.91,8.03,TRUE
7.55,Company culture,2.82,8.12,8.66,9.32,9.07,7.33,FALSE
7.53,Company culture,2.3,8.19,9.09,7.41,9.34,8.83,FALSE
7.52,Company culture,1.09,9.75,9.95,7.54,7.28,9.5,FALSE
7.24,Company culture,1.94,9.84,7.24,7.8,9.38,7.23,FALSE
7.06,Company culture,1.44,9.69,7.13,7.56,9.32,7.2,FALSE
7.07,Company culture,1.44,7.71,7.71,8.45,9.24,7.86,FALSE
7.83,Company culture,2.37,8.49,9.12,9.98,8.03,8.98,FALSE
7.87,Company culture,2.99,7.92,8.08,9.41,8.92,9.87,FALSE
7.02,Company culture,1.1,7.96,7.2,8.65,7.42,9.77,FALSE
7.73,Company culture,2.9,7.03,9.17,9.76,8.64,8.89,FALSE
7.4,Company culture,1.22,7.06,8.7,9.71,9.85,7.84,FALSE
7.32,Company culture,2.3,8.47,7.37,9.73,7.07,9,FALSE
7.67,Company culture,2.22,8.69,8.92,9.65,9.49,7.06,FALSE
7.3,Company culture,1.72,7.01,7.6,9.94,8.44,9.09,FALSE
7.16,Company culture,2.16,9.81,7.62,7.49,8,7.87,FALSE
7.29,Company culture,1.3,8.02,9.82,9.39,7.97,7.25,TRUE
7.32,Company culture,1.25,9.71,7.56,9.64,8.3,7.46,TRUE
7.1,Company culture,2.12,7.23,7.28,7.07,9,9.88,TRUE
7.02,Company culture,1.58,7.17,9.73,7.2,9.29,7.17,TRUE
7.76,Company culture,2.27,8.24,9.29,9.06,8.45,9.27,TRUE
7.88,Company culture,2.04,9.4,9.62,9.92,8.39,7.89,FALSE
7.4,Company culture,2.91,7.24,7.22,9.97,9.19,7.89,FALSE
7.53,Company culture,1.3,8.79,9.34,7.96,9.84,7.95,FALSE
7.21,Company culture,2.54,7.04,7.18,9.44,7.22,9.85,FALSE
6.77,Company culture,1.11,7.33,7.5,8.54,7.87,8.28,FALSE
7.71,Company culture,2.36,8.25,8.23,9.33,9.78,8.3,FALSE
7.31,Company culture,1.12,7.25,7.55,9.2,8.72,10,FALSE
7.36,Company culture,2.91,7.05,9.19,7.58,9.26,8.18,FALSE
7.21,Company culture,2.58,8.12,8.31,8.25,7.03,8.98,FALSE
7.24,Company culture,1.37,9.01,8.43,8.06,8.23,8.33,FALSE
7.35,Company culture,2.68,7.56,8.45,8.15,8.11,9.15,FALSE
7.25,Company culture,2.4,7.16,7.01,9.32,8.5,9.09,FALSE
7.58,Company culture,2.05,8.29,9.91,8.21,8.06,8.94,FALSE
7.93,Company culture,1.99,9.79,9.46,7.04,9.41,9.86,FALSE
7.63,Company culture,2.09,9.78,9.43,7.73,9.53,7.2,FALSE
7.14,Company culture,1.04,8.46,8.49,8.66,8.99,7.17,FALSE
6.81,Company culture,1.85,10,7.01,7.37,7.32,7.29,FALSE
7.53,Company culture,2.29,8.06,9.42,8,9.79,7.62,FALSE
7.24,Company culture,2.42,9.06,7.43,7.24,7.86,9.43,FALSE
7.74,Company culture,2.87,7.23,8.67,9.53,9.99,8.15,FALSE
7.11,Company culture,2.75,8.1,7.21,9.89,7.58,7.15,FALSE
6.92,Company culture,1.27,8.82,9.25,7.33,7.04,7.78,TRUE
7.08,Company culture,1.75,7.05,7.76,8.54,9.65,7.7,TRUE
7.44,Company culture,1.85,7.27,9.64,7.8,8.1,9.96,TRUE
7.25,Company culture,1.94,7.63,8.95,7.2,9.81,7.99,TRUE
6.82,Company culture,1.03,7.53,7.11,9.33,8.38,7.55,TRUE
7.65,Company culture,2.88,9.24,7.82,7.28,9.9,8.75,TRUE
6.89,Company culture,1.23,7.52,8.3,8.68,8.3,7.32,FALSE
7.51,Company culture,2.05,9.83,8.96,7.63,8.86,7.71,FALSE
8.04,Company culture,1.48,9.74,9.82,9.08,9.28,8.81,FALSE
7.31,Company culture,1.72,9.91,7.99,9.93,7.1,7.19,FALSE
7.42,Company culture,1.89,9.86,9.31,8.1,7.79,7.57,FALSE
7.37,Company culture,1.43,7.56,8.07,9.85,7.79,9.5,FALSE
7.46,Company culture,2.46,7.5,9.98,8.12,8.85,7.83,FALSE
7.7,Company culture,2.76,7.08,9.68,9.77,7.59,9.34,FALSE
6.9,Company culture,2.09,7.92,7.36,9.81,7.05,7.17,FALSE
8.19,Company culture,2.82,9.35,8.48,9.77,9.62,9.1,FALSE
7.22,Company culture,1.77,8.55,8.38,7.37,8.46,8.8,FALSE
7.41,Company culture,1.38,7.17,9.91,7.56,9.44,8.97,FALSE
7.03,Company culture,2.56,7.14,7.24,7.83,9.61,7.79,FALSE
6.84,Company culture,1.74,7.47,7.99,7.21,8.16,8.48,FALSE
7.05,Company culture,2.76,7.68,7.14,8.06,8.48,8.18,FALSE
7.69,Company culture,1.94,8.52,9.5,7.81,9.62,8.74,FALSE
8.11,Company culture,2.28,9.89,9.67,9.03,8.48,9.29,FALSE
7.62,Company culture,2.37,7.72,8.63,8.26,9.62,9.1,FALSE
7.12,Company culture,1.11,8.53,9.09,9.11,7.5,7.38,FALSE
7.02,Company culture,2.11,7.97,7.98,8.7,7.71,7.66,FALSE
7.54,Company culture,2.68,8.09,8.57,7.14,9.3,9.47,FALSE
7.32,Company culture,1.4,8.65,9.18,9.96,7.49,7.23,FALSE
7.91,Company culture,2.95,7.17,9.92,9.86,9.58,7.97,FALSE
7.52,Company culture,1.15,8.81,8.62,8.32,9.71,8.53,FALSE
7.39,Company culture,2.58,7.83,7.96,9.85,8.55,7.57,FALSE
8.08,Company culture,2.98,8.87,9.61,8.63,8.56,9.8,FALSE
7.98,Company culture,1.46,8.57,9.31,9.99,8.94,9.59,FALSE
7.52,Company culture,2.84,9.52,8.67,7.1,7.29,9.67,FALSE
7.67,Company culture,1.27,8.46,9.85,9.89,8.74,7.83,TRUE
6.55,Company culture,2.44,7.24,7.13,7.85,7.01,7.61,FALSE
7.83,Company culture,2.09,8.6,9.79,8.35,9.76,8.38,FALSE
7.68,Company culture,2.55,9.06,8.82,7.25,8.87,9.54,FALSE
7.31,Company culture,1.26,9.18,8.11,7.26,8.24,9.78,FALSE
7.1,Company culture,1.6,7.22,9.31,8.06,7.26,9.12,FALSE
7.58,Company culture,2.71,9.43,8.13,7.86,7.8,9.52,FALSE
7.33,Company culture,2.37,8.57,8.6,7.58,8.11,8.76,TRUE
7.33,Company culture,2.09,9.19,7.18,8.34,7.63,9.53,FALSE
7.34,Company culture,2.1,9.69,7.43,7.64,8.09,9.06,FALSE
7.86,Company culture,3,7.7,8.2,9.87,8.64,9.74,FALSE
7.45,Company culture,2.23,8.88,9.3,8.1,7.86,8.31,FALSE
7.06,Company culture,1.61,7.41,7.65,7.29,9.3,9.07,FALSE
6.96,Company culture,1.86,7.27,7.46,7.58,9.43,8.18,TRUE
6.79,Company culture,2.12,7.59,7.2,7.07,7.87,8.86,FALSE
6.64,Company culture,1.35,7.53,8.25,7.51,7.24,7.98,FALSE
5.74,Job satisfaction,4.42,3.17,4.97,6.38,8.16,7.34,FALSE
7.73,Job satisfaction,9.97,3.83,8.64,6.98,8.26,8.7,FALSE
4.66,Job satisfaction,4.23,1.72,6.05,5.9,4.04,6.04,FALSE
6.18,Job satisfaction,9.43,3.31,5.14,6.3,4.39,8.52,FALSE
7.61,Job satisfaction,7.8,1.98,9.47,8.38,8.53,9.52,FALSE
6.1,Job satisfaction,5.82,1.28,8.11,4.35,8.56,8.45,FALSE
6.26,Job satisfaction,6.48,3.3,9.86,4.73,6.82,6.38,FALSE
5.99,Job satisfaction,8.37,2.43,5.99,9.46,5.43,4.25,FALSE
5.11,Job satisfaction,7.73,1.49,7.21,4.8,5.25,4.18,FALSE
5.73,Job satisfaction,8.53,2.81,5.48,4.26,8.6,4.68,TRUE
4.67,Job satisfaction,4.42,2.16,4.06,6.96,6.07,4.34,FALSE
4.85,Job satisfaction,4.37,3.13,6.23,4.27,6,5.1,FALSE
5.41,Job satisfaction,4.82,3.78,8.5,4.77,5.65,4.92,FALSE
7.18,Job satisfaction,6.9,3.83,7.8,8.46,9.33,6.76,FALSE
5.26,Job satisfaction,7.14,1.16,4.96,4.58,7.08,6.65,TRUE
6.57,Job satisfaction,6.45,3,9.82,4.44,8.44,7.26,FALSE
6.13,Job satisfaction,6.46,3.64,6,5.74,7.73,7.18,FALSE
6.49,Job satisfaction,6.52,3.23,8.11,7.01,5.59,8.48,FALSE
6.21,Job satisfaction,9.26,1.03,7.31,6.76,4.93,7.94,FALSE
5.28,Job satisfaction,4.89,2.74,6.12,7.5,5.82,4.62,FALSE
5.8,Job satisfaction,4.31,3.1,9.02,7.7,6.09,4.57,FALSE
7.1,Job satisfaction,7.59,2.73,9.94,5.87,6.63,9.84,FALSE
5.69,Job satisfaction,6.5,3.07,5.39,4.36,8.95,5.87,FALSE
6.31,Job satisfaction,8.18,2.58,9.98,5.88,6.2,5.03,FALSE
6.85,Job satisfaction,9.47,1.7,9.83,7.61,5.45,7.04,FALSE
5.78,Job satisfaction,5.86,3.1,8.87,6.1,5.23,5.5,FALSE
5.77,Job satisfaction,9.91,2.63,4.38,6.61,5.81,5.29,FALSE
4.92,Job satisfaction,6.51,2.16,7.54,4.97,4.1,4.24,FALSE
6.24,Job satisfaction,6.35,2.84,6.29,7.34,8.77,5.84,FALSE
7.15,Job satisfaction,8.93,3.14,5,9.56,7.64,8.61,FALSE
5.56,Job satisfaction,4.02,1.45,5.14,6.53,8.14,8.08,TRUE
5.88,Job satisfaction,8.03,3.38,6.9,8.65,4.3,4.03,TRUE
5.56,Job satisfaction,4.91,1.46,5.36,8.02,9.45,4.15,TRUE
7,Job satisfaction,8.49,1.08,8.9,8.67,6.19,8.68,FALSE
6.18,Job satisfaction,6.58,1.81,7.95,6.46,8.89,5.4,FALSE
5.08,Job satisfaction,4.8,3.32,7.59,5.14,4.84,4.77,FALSE
7.32,Job satisfaction,7.89,3.32,8.81,6.37,9.33,8.17,FALSE
5.7,Job satisfaction,4.9,1.33,8.86,4.3,7.44,7.37,FALSE
7.24,Job satisfaction,6.3,2.58,9.76,6.89,8.98,8.92,FALSE
5.99,Job satisfaction,4.06,1.91,8.47,4.85,7.11,9.54,TRUE
5.75,Job satisfaction,8.32,2.58,6.34,4.61,7.51,5.12,FALSE
6.05,Job satisfaction,6.16,3.47,5.56,7.87,7.7,5.51,FALSE
6.54,Job satisfaction,5.09,2.63,6.19,8.83,7.27,9.23,FALSE
6.9,Job satisfaction,8.36,2.28,8.44,7.35,8.63,6.35,FALSE
6.3,Job satisfaction,9.85,2.37,4.6,5.77,7.42,7.76,FALSE
5.97,Job satisfaction,6.05,1.25,5,6.87,7.95,8.7,FALSE
7.55,Job satisfaction,9.25,2.83,9.33,8.33,6.63,8.94,TRUE
6.63,Job satisfaction,8.27,3.66,6.97,9.36,6,5.54,FALSE
7.04,Job satisfaction,9.84,2.43,4.02,8.12,8.63,9.21,FALSE
5.27,Job satisfaction,7.72,1.54,6.53,4.37,4.38,7.09,TRUE
6.9,Job satisfaction,6.86,2.52,4.44,9.78,9.13,8.67,FALSE
6.56,Job satisfaction,4.59,3.42,9.67,6.09,7.15,8.46,FALSE
6.57,Job satisfaction,9.24,2.18,9.37,5.53,4.49,8.63,FALSE
7.23,Job satisfaction,6.74,3.28,9.84,5.21,9.07,9.24,FALSE
5.18,Job satisfaction,4.29,3.58,9.68,4.1,4.38,5.06,TRUE
5.97,Job satisfaction,4.18,2.6,6.38,9.99,6.33,6.31,FALSE
5.35,Job satisfaction,8.94,1.54,5.58,7.78,4.15,4.11,FALSE
6.15,Job satisfaction,9.47,3.69,5.71,4.19,5.75,8.09,TRUE
5.62,Job satisfaction,7.92,1.5,7.48,5.1,4.27,7.44,FALSE
5.88,Job satisfaction,4.99,3.64,6.42,7.06,8.96,4.19,FALSE
5.72,Job satisfaction,9.76,1.81,6.35,8.18,4.16,4.05,TRUE
6.41,Job satisfaction,8.42,3.92,5.25,4.71,7.72,8.44,FALSE
5.06,Job satisfaction,4.68,3.78,4.32,4.48,5.69,7.43,TRUE
6.33,Job satisfaction,6.05,2.98,7.43,5.64,9.73,6.16,FALSE
6.21,Job satisfaction,4.36,1.06,8.79,5.24,8.31,9.47,FALSE
6.07,Job satisfaction,5.9,3.82,4.27,5.02,8.47,8.93,FALSE
7.08,Job satisfaction,8.76,2.97,9.97,7.35,9.26,4.14,FALSE
5.56,Job satisfaction,6.98,3.74,5,4.99,5.99,6.63,FALSE
7.2,Job satisfaction,8.38,2.56,5.35,9.14,7.87,9.88,FALSE
5.6,Job satisfaction,7.31,1.29,7.87,5.54,4.67,6.9,FALSE
7.56,Job satisfaction,9.43,3.26,9.75,8.57,7.06,7.3,FALSE
6.28,Job satisfaction,7.94,1.68,6.57,7.45,8.3,5.72,FALSE
5.47,Job satisfaction,7.76,1.59,4.25,7.62,7.5,4.07,FALSE
6.59,Job satisfaction,4.15,3.5,9.16,9.08,4.77,8.86,FALSE
7.45,Job satisfaction,9.29,2.33,9.13,4.79,9.77,9.36,FALSE
7.01,Job satisfaction,8.8,2.82,9.72,5.49,7.24,7.96,FALSE
6.46,Job satisfaction,8.21,2.79,7.25,7.65,7.47,5.36,FALSE
6.46,Job satisfaction,5.69,3.79,8.74,7.08,5.09,8.37,FALSE
5.44,Job satisfaction,4.23,2.75,5.7,6.4,4.72,8.84,TRUE
5.54,Job satisfaction,9.33,1.68,5.71,6.2,4.83,5.48,FALSE
5.87,Job satisfaction,5.83,3.07,5.9,6.7,9.11,4.63,TRUE
6.77,Job satisfaction,8.53,1.79,7.76,8.66,4.52,9.36,FALSE
6.75,Job satisfaction,6.33,1.55,8.83,8.72,7.28,7.79,FALSE
4.72,Job satisfaction,6.25,1.77,4.99,5.2,5.07,5.02,TRUE
6,Job satisfaction,4.42,1.36,4.22,9.51,7.22,9.25,FALSE
5.12,Job satisfaction,5.64,1.43,7.75,4.29,5.77,5.81,FALSE
6.9,Job satisfaction,9.79,3.93,4.97,7.01,6.58,9.13,TRUE
5.99,Job satisfaction,6.18,2.51,8.24,5.1,6.62,7.31,TRUE
6.74,Job satisfaction,9.18,3.53,4.3,5.98,9.28,8.19,FALSE
5.96,Job satisfaction,6.63,3.03,7.01,5.6,6.74,6.72,FALSE
7.97,Job satisfaction,8.36,3.07,9.65,8.61,9.23,8.88,FALSE
6.68,Job satisfaction,9.48,3.94,7.14,6.65,7.31,5.55,TRUE
6.92,Job satisfaction,7.69,1.83,8.12,4.75,9.8,9.34,FALSE
6.21,Job satisfaction,4.51,3.51,9.95,4.61,6.99,7.7,FALSE
6.35,Job satisfaction,7.4,1.87,6.85,9.15,4.05,8.76,FALSE
5.69,Job satisfaction,5.62,1.5,7.86,9.07,5.24,4.87,FALSE
6.72,Job satisfaction,4.1,3.7,8.58,5.46,9.79,8.66,TRUE
6.6,Job satisfaction,5.89,2.35,5.88,7.9,7.95,9.64,FALSE
6.63,Job satisfaction,9.1,3.84,4.05,8.98,6.18,7.63,FALSE
5.94,Job satisfaction,5.47,4.16,9.97,5.3,5.62,5.09,FALSE
7.41,Professional growth,4.05,9.2,3.61,9.59,9.68,8.34,FALSE
6.43,Professional growth,7.53,7.74,3.04,6.43,9.8,4.03,FALSE
6.01,Professional growth,7.73,7.92,2.43,4.04,6.97,6.96,FALSE
6.02,Professional growth,4.19,7.26,3.29,5.92,8.98,6.47,TRUE
5.51,Professional growth,4.66,7.02,1.01,4.63,6.31,9.41,FALSE
7.29,Professional growth,9.48,6.06,3.98,5.41,9.75,9.06,FALSE
6.12,Professional growth,9.23,7.27,2.47,6.62,6.19,4.94,FALSE
6.14,Professional growth,7.99,6.94,1.82,7.07,6.33,6.68,TRUE
6.01,Professional growth,6.38,7.09,1.1,8.46,4.72,8.33,FALSE
5.22,Professional growth,8.56,5.71,1.74,4.61,6.1,4.57,FALSE
5.11,Professional growth,4.53,4.65,1.23,7.01,5.55,7.68,FALSE
7.02,Professional growth,7.37,6.18,3.21,9.73,9.47,6.13,FALSE
5.08,Professional growth,4.97,7.26,2.55,4.36,6.15,5.2,TRUE
6.36,Professional growth,7.28,9,1.53,6.92,6.55,6.88,FALSE
6.42,Professional growth,9.53,4.37,2.69,5.79,9.58,6.53,FALSE
5.35,Professional growth,6.41,4.4,3.57,5.02,7.54,5.18,TRUE
6.57,Professional growth,8.2,6.52,3.14,7.17,6.63,7.73,FALSE
5.36,Professional growth,5.88,9.09,1.34,4.94,5.05,5.83,TRUE
5.77,Professional growth,7.7,7.24,1.54,7.24,5.62,5.27,FALSE
6.91,Professional growth,6.82,8.67,2.1,9.98,5.66,8.23,FALSE
5.93,Professional growth,4.4,9.89,2.96,7.07,6.32,4.93,FALSE
5.43,Professional growth,7.6,7.15,2.28,4.43,5.76,5.33,FALSE
7.06,Professional growth,6.45,6.71,2.83,7.86,8.68,9.8,TRUE
5.96,Professional growth,8.18,4.6,2.55,5.78,6.9,7.74,FALSE
6.45,Professional growth,6.38,9.53,3.4,4.83,6.55,8.02,FALSE
4.47,Professional growth,6.25,4.72,2.03,4.04,5.21,4.58,FALSE
6.23,Professional growth,4.05,8.92,2.98,6.31,9.31,5.83,FALSE
7.67,Professional growth,9.02,8.98,3.54,8.73,9.83,5.91,FALSE
6.16,Professional growth,6.99,7.87,1.19,6.14,5.76,9.01,FALSE
5.99,Professional growth,8.78,6.56,2.49,5.18,8.48,4.44,FALSE
6.86,Professional growth,6.69,4.41,3.4,8.97,8.97,8.69,FALSE
6.41,Professional growth,5.8,5.73,1.13,9.62,6.56,9.62,FALSE
5.65,Professional growth,4.85,5.24,1.82,5.12,8.55,8.31,FALSE
6.76,Professional growth,4.01,9.75,2.71,9.22,6.6,8.25,FALSE
6.33,Professional growth,6.65,6.5,1,8.91,5.13,9.77,FALSE
6.18,Professional growth,7.53,6.2,2.07,7.69,5.08,8.53,FALSE
5.39,Professional growth,4.31,9.78,1.58,5.18,5.51,5.95,FALSE
5.83,Professional growth,9.04,6.36,1.01,9.09,4.37,5.1,FALSE
5.4,Professional growth,6.32,5.97,1.96,6.51,4.85,6.79,FALSE
6.25,Professional growth,8.92,4.24,1.04,7.49,9.76,6.07,FALSE
5.97,Professional growth,8.19,4.2,3,7.02,8.74,4.68,FALSE
5.51,Professional growth,5.53,5.18,1.26,6.63,8.27,6.17,FALSE
5.23,Professional growth,4.69,5.63,1.73,6,7.62,5.71,FALSE
6.06,Professional growth,5.65,5.33,2.42,6.4,9.82,6.71,FALSE
5.45,Professional growth,8.85,7.59,2.19,4.73,4.95,4.36,FALSE
6.23,Professional growth,6.6,9.15,3.88,5.75,5.51,6.48,TRUE
4.81,Professional growth,4.01,6.28,2.53,5.15,4.26,6.62,TRUE
6.6,Professional growth,7.86,7.38,3.73,5.8,8.3,6.53,FALSE
5.66,Professional growth,8.02,7.11,3.44,4.05,7.1,4.23,FALSE
6.5,Professional growth,9.44,7.01,3.49,6.64,4.54,7.85,TRUE
6.25,Professional growth,5.98,4.07,2.6,8.32,8.87,7.66,FALSE
6.84,Professional growth,7.88,7.98,2.47,6.19,9,7.5,FALSE
5.38,Professional growth,4.16,5.34,1.33,7.54,4.76,9.17,TRUE
6.62,Professional growth,8.75,6.29,3.73,6.34,5.06,9.54,FALSE
5.77,Professional growth,7.58,7.22,1.86,6.12,4.81,7,FALSE
7.08,Professional growth,8.93,8.66,1.16,8.5,8.13,7.12,FALSE
6.69,Professional growth,8.89,9.08,2.88,5.47,5.8,8.02,FALSE
6.22,Professional growth,4.37,9.38,1.9,9.12,7.69,4.84,FALSE
6.26,Professional growth,7.34,8.32,3.21,7.75,5.75,5.2,FALSE
7.65,Professional growth,8.07,8.14,2.56,8.49,8.82,9.83,FALSE
6.46,Professional growth,6.83,5.05,3.15,6.92,9.72,7.1,FALSE
5.7,Professional growth,5.46,8.01,2.24,6.35,7.89,4.24,FALSE
7.52,Professional growth,8.55,6.85,2.3,9.5,8.94,8.97,FALSE
4.94,Professional growth,5.09,6.68,3.35,5.85,4.58,4.11,TRUE
6.11,Professional growth,6.23,4.96,2.83,5.74,7.14,9.74,FALSE
7.25,Professional growth,8.2,6.2,3.88,9.29,8.6,7.32,FALSE
5.14,Professional growth,5.46,5.76,1.09,7.78,6.51,4.25,FALSE
6.68,Professional growth,9.66,7.05,2.79,6.76,4.36,9.43,TRUE
5.78,Professional growth,6.66,7.46,2.31,6.74,4.35,7.17,FALSE
6.87,Professional growth,9.76,7.2,3.77,7.89,4.25,8.37,FALSE
6.55,Professional growth,7.87,9.99,3.6,5.43,6.98,5.43,TRUE
6.95,Professional growth,5.99,4.99,3.31,9.93,8.36,9.14,FALSE
6.87,Professional growth,9.62,9.21,3.61,4.18,8.71,5.91,TRUE
6.04,Professional growth,7.69,7.46,1.4,5.85,4.8,9.02,FALSE
6.83,Professional growth,8.86,5.86,2.22,8.01,9.21,6.82,FALSE
6.12,Professional growth,5.31,8.05,3.41,5.4,6.69,7.84,FALSE
5.95,Professional growth,6.43,8.46,3.02,6.83,5.48,5.45,FALSE
7.02,Professional growth,8.23,8.31,2.91,8.29,8.07,6.29,FALSE
7.22,Professional growth,7.08,8.05,3.06,7.24,8.85,9.02,FALSE
5.07,Professional growth,4.72,7.17,2.86,6.18,5.39,4.1,FALSE
6.41,Professional growth,6.62,4.69,2.69,9.69,8.65,6.13,FALSE
6.44,Professional growth,6.54,7.43,3.89,5.54,9.29,5.96,FALSE
4.72,Professional growth,4.29,5.1,3.77,5.79,4.28,5.08,FALSE
5.72,Professional growth,6.93,7.36,2.07,4.42,8.35,5.16,FALSE
6.01,Professional growth,7.59,4.88,2.61,4.58,8,8.41,FALSE
5.31,Professional growth,5.63,5.35,3.75,6.38,6.72,4.03,FALSE
5.72,Professional growth,5.74,7.31,2.58,7.94,6.74,4.02,FALSE
6.47,Professional growth,8.04,5.74,3.64,7.12,8.58,5.71,FALSE
7.14,Professional growth,9.58,5.89,1.79,9.88,7.83,7.88,FALSE
5.98,Professional growth,4.59,5.92,2.79,8.21,7.77,6.57,FALSE
5.92,Professional growth,6.51,5.5,1.47,8.09,6.99,6.98,TRUE
7.44,Professional growth,7.54,8.41,2.94,8.23,9.81,7.69,FALSE
6.78,Professional growth,4.45,9.58,3.12,8.86,8.01,6.66,FALSE
5.96,Professional growth,4.51,7.56,1.87,9.07,7.35,5.38,FALSE
6.69,Professional growth,6.52,4,3.49,9.53,9.11,7.48,TRUE
6.41,Professional growth,9.41,6.38,3.48,6.52,5.63,7.01,FALSE
6.67,Professional growth,9.98,4.63,3.99,4.72,6.99,9.69,FALSE
4.9,Professional growth,4.93,4.14,1.03,6.06,6.14,7.12,FALSE
5.96,Professional growth,9.19,7.47,1.76,6.97,4.92,5.45,FALSE
6.2,Professional growth,7.89,4.69,3,6.21,8.73,6.66,FALSE
6.59,Manager relationship,4.05,9.2,5.37,2.89,9.68,8.34,FALSE
5.8,Manager relationship,7.53,7.74,4.67,1.03,9.8,4.03,FALSE
6.7,Manager relationship,7.73,7.92,8.62,1.99,6.97,6.96,FALSE
5.76,Manager relationship,4.19,7.26,4.69,2.95,8.98,6.47,TRUE
6.19,Manager relationship,4.66,7.02,8.46,1.25,6.31,9.41,FALSE
7.17,Manager relationship,9.48,6.06,6.61,2.08,9.75,9.06,FALSE
6.02,Manager relationship,9.23,7.27,4.54,3.92,6.19,4.94,TRUE
6.39,Manager relationship,7.99,6.94,8.54,1.85,6.33,6.68,FALSE
5.76,Manager relationship,6.38,7.09,4.56,3.46,4.72,8.33,FALSE
6.1,Manager relationship,8.56,5.71,8.61,3.06,6.1,4.57,FALSE
5.04,Manager relationship,4.53,4.65,6.78,1.02,5.55,7.68,TRUE
6.34,Manager relationship,7.37,6.18,4.94,3.96,9.47,6.13,FALSE
5.92,Manager relationship,4.97,7.26,9.24,2.69,6.15,5.2,FALSE
6.82,Manager relationship,7.28,9,9.64,1.54,6.55,6.88,FALSE
6.09,Manager relationship,9.53,4.37,4.49,2.04,9.58,6.53,FALSE
5.15,Manager relationship,6.41,4.4,5.36,1.99,7.54,5.18,TRUE
6.3,Manager relationship,8.2,6.52,4.92,3.79,6.63,7.73,FALSE
5.39,Manager relationship,5.88,9.09,5.25,1.25,5.05,5.83,FALSE
5.99,Manager relationship,7.7,7.24,8.91,1.22,5.62,5.27,FALSE
6.18,Manager relationship,6.82,8.67,4.24,3.48,5.66,8.23,FALSE
6.14,Manager relationship,4.4,9.89,8.67,2.63,6.32,4.93,FALSE
6.24,Manager relationship,7.6,7.15,9.88,1.74,5.76,5.33,FALSE
7.13,Manager relationship,6.45,6.71,7.9,3.21,8.68,9.8,FALSE
6.15,Manager relationship,8.18,4.6,5.57,3.89,6.9,7.74,FALSE
6.64,Manager relationship,6.38,9.53,5.51,3.86,6.55,8.02,FALSE
5.21,Manager relationship,6.25,4.72,7.99,2.51,5.21,4.58,FALSE
6.52,Manager relationship,4.05,8.92,8.4,2.6,9.31,5.83,FALSE
6.9,Manager relationship,9.02,8.98,6.12,1.51,9.83,5.91,TRUE
6.09,Manager relationship,6.99,7.87,5.29,1.6,5.76,9.01,FALSE
6.29,Manager relationship,8.78,6.56,7.79,1.66,8.48,4.44,FALSE
6.05,Manager relationship,6.69,4.41,4.68,2.85,8.97,8.69,FALSE
6.42,Manager relationship,5.8,5.73,6.86,3.92,6.56,9.62,TRUE
5.97,Manager relationship,4.85,5.24,6.31,2.55,8.55,8.31,FALSE
5.99,Manager relationship,4.01,9.75,5.49,1.84,6.6,8.25,FALSE
6.51,Manager relationship,6.65,6.5,8,2.99,5.13,9.77,FALSE
6.45,Manager relationship,7.53,6.2,7.99,3.34,5.08,8.53,FALSE
6.23,Manager relationship,4.31,9.78,8.09,3.72,5.51,5.95,FALSE
5.46,Manager relationship,9.04,6.36,4.05,3.82,4.37,5.1,FALSE
5.5,Manager relationship,6.32,5.97,7.66,1.38,4.85,6.79,TRUE
6.28,Manager relationship,8.92,4.24,7.2,1.46,9.76,6.07,FALSE
5.41,Manager relationship,8.19,4.2,4.08,2.55,8.74,4.68,FALSE
6.12,Manager relationship,5.53,5.18,9.04,2.54,8.27,6.17,FALSE
5.33,Manager relationship,4.69,5.63,5.12,3.19,7.62,5.71,FALSE
6.8,Manager relationship,5.65,5.33,9.88,3.4,9.82,6.71,FALSE
5.28,Manager relationship,8.85,7.59,4.68,1.22,4.95,4.36,FALSE
6.82,Manager relationship,6.6,9.15,9.43,3.74,5.51,6.48,FALSE
5,Manager relationship,4.01,6.28,6.42,2.39,4.26,6.62,FALSE
6.45,Manager relationship,7.86,7.38,5.17,3.44,8.3,6.53,FALSE
5.94,Manager relationship,8.02,7.11,6.42,2.73,7.1,4.23,TRUE
6.45,Manager relationship,9.44,7.01,6.33,3.55,4.54,7.85,FALSE
6.05,Manager relationship,5.98,4.07,7.44,2.25,8.87,7.66,FALSE
6.42,Manager relationship,7.88,7.98,4.84,1.3,9,7.5,FALSE
5.21,Manager relationship,4.16,5.34,6.45,1.37,4.76,9.17,TRUE
6.18,Manager relationship,8.75,6.29,4.59,2.83,5.06,9.54,FALSE
5.69,Manager relationship,7.58,7.22,4.26,3.26,4.81,7,FALSE
7.62,Manager relationship,8.93,8.66,9.05,3.81,8.13,7.12,FALSE
7.25,Manager relationship,8.89,9.08,8.04,3.64,5.8,8.02,TRUE
6.27,Manager relationship,4.37,9.38,9.41,1.94,7.69,4.84,FALSE
5.83,Manager relationship,7.34,8.32,5.15,3.21,5.75,5.2,FALSE
7.5,Manager relationship,8.07,8.14,6.56,3.58,8.82,9.83,FALSE
5.95,Manager relationship,6.83,5.05,5.11,1.87,9.72,7.1,FALSE
5.3,Manager relationship,5.46,8.01,4.08,2.13,7.89,4.24,FALSE
6.96,Manager relationship,8.55,6.85,5.4,3.02,8.94,8.97,TRUE
5.09,Manager relationship,5.09,6.68,7.08,3,4.58,4.11,FALSE
6.62,Manager relationship,6.23,4.96,8.59,3.07,7.14,9.74,TRUE
6.73,Manager relationship,8.2,6.2,9.01,1.02,8.6,7.32,TRUE
5.58,Manager relationship,5.46,5.76,8.98,2.52,6.51,4.25,FALSE
6.34,Manager relationship,9.66,7.05,6.45,1.1,4.36,9.43,FALSE
6.35,Manager relationship,6.66,7.46,8.7,3.75,4.35,7.17,FALSE
6.25,Manager relationship,9.76,7.2,4.2,3.7,4.25,8.37,TRUE
6.43,Manager relationship,7.87,9.99,6.74,1.55,6.98,5.43,FALSE
6.62,Manager relationship,5.99,4.99,9.72,1.49,8.36,9.14,FALSE
7.02,Manager relationship,9.62,9.21,7.53,1.13,8.71,5.91,FALSE
6.07,Manager relationship,7.69,7.46,5.97,1.46,4.8,9.02,TRUE
6.63,Manager relationship,8.86,5.86,5.95,3.08,9.21,6.82,FALSE
5.7,Manager relationship,5.31,8.05,5.24,1.04,6.69,7.84,FALSE
6.48,Manager relationship,6.43,8.46,10,3.03,5.48,5.45,FALSE
7.17,Manager relationship,8.23,8.31,8.21,3.9,8.07,6.29,FALSE
7.21,Manager relationship,7.08,8.05,8.66,1.58,8.85,9.02,TRUE
5.65,Manager relationship,4.72,7.17,9.44,3.05,5.39,4.1,FALSE
6.53,Manager relationship,6.62,4.69,9.46,3.61,8.65,6.13,FALSE
5.93,Manager relationship,6.54,7.43,4.45,1.88,9.29,5.96,FALSE
5.32,Manager relationship,4.29,5.1,9.81,3.37,4.28,5.08,TRUE
6.6,Manager relationship,6.93,7.36,9.91,1.88,8.35,5.16,FALSE
6.78,Manager relationship,7.59,4.88,8.63,3.19,8,8.41,TRUE
5.53,Manager relationship,5.63,5.35,8.09,3.35,6.72,4.03,FALSE
5.22,Manager relationship,5.74,7.31,5,2.5,6.74,4.02,TRUE
6.21,Manager relationship,8.04,5.74,7.38,1.82,8.58,5.71,FALSE
6.23,Manager relationship,9.58,5.89,4.76,1.42,7.83,7.88,FALSE
5.8,Manager relationship,4.59,5.92,8.79,1.14,7.77,6.57,FALSE
6.42,Manager relationship,6.51,5.5,9.41,3.15,6.99,6.98,FALSE
7.16,Manager relationship,7.54,8.41,7.83,1.69,9.81,7.69,FALSE
5.86,Manager relationship,4.45,9.58,5.09,1.34,8.01,6.66,FALSE
6.4,Manager relationship,4.51,7.56,9.77,3.82,7.35,5.38,FALSE
5.97,Manager relationship,6.52,4,6.78,1.91,9.11,7.48,FALSE
6.84,Manager relationship,9.41,6.38,9.49,3.11,5.63,7.01,FALSE
6.85,Manager relationship,9.98,4.63,8.51,1.28,6.99,9.69,FALSE
5.29,Manager relationship,4.93,4.14,6.1,3.32,6.14,7.12,FALSE
6.22,Manager relationship,9.19,7.47,9.3,1,4.92,5.45,TRUE
6.27,Manager relationship,7.89,4.69,7.72,1.93,8.73,6.66,FALSE
6.7,Compensation and benefits,9.67,5.86,6.66,7.7,3.55,6.73,FALSE
5.38,Compensation and benefits,9.58,4.94,5.9,4.53,2.13,5.2,FALSE
5.85,Compensation and benefits,5.41,8.27,4.83,8,1.49,7.09,TRUE
6.39,Compensation and benefits,4.33,6.83,8.49,6.4,3.93,8.36,FALSE
6.36,Compensation and benefits,9.08,4.83,4.03,9.01,2.29,8.92,FALSE
6.14,Compensation and benefits,5.87,6.55,9.63,5.73,1.8,7.23,FALSE
7.23,Compensation and benefits,8.91,6.83,7.13,9.57,1.22,9.71,FALSE
6.76,Compensation and benefits,4.48,8.09,8.59,9.88,2.24,7.29,FALSE
5.86,Compensation and benefits,9.99,5.11,7.36,6.33,1.45,4.92,FALSE
7.35,Compensation and benefits,5.09,8.9,9.94,9.42,2.54,8.21,FALSE
5.76,Compensation and benefits,6.91,7.13,5.08,5.78,3.02,6.65,TRUE
6.39,Compensation and benefits,7.04,7.16,9,6.45,2,6.66,FALSE
6.93,Compensation and benefits,8.61,6.59,8.56,8.46,3.49,5.88,FALSE
7.56,Compensation and benefits,8.77,9.71,8.6,8.73,3,6.52,FALSE
6.48,Compensation and benefits,6.31,4.25,8.87,8.96,3.79,6.72,FALSE
6.42,Compensation and benefits,7.63,8.87,7.26,7.31,3.31,4.11,TRUE
5.4,Compensation and benefits,9.55,5.91,5.79,4.32,2.45,4.4,TRUE
5.9,Compensation and benefits,5.16,6.3,9.6,6.81,1.95,5.6,TRUE
6.75,Compensation and benefits,6.8,7.84,7.47,7.87,2.19,8.32,TRUE
5.68,Compensation and benefits,8.24,7.19,5.45,7.22,1.52,4.46,TRUE
5.73,Compensation and benefits,9.12,7.28,5.08,4.79,3.91,4.21,FALSE
6.81,Compensation and benefits,9.54,9.65,6.17,7.34,1.25,6.9,FALSE
6.69,Compensation and benefits,9.98,4.92,9.47,8.94,1.78,5.02,FALSE
6.23,Compensation and benefits,5.15,8.31,4.45,8.43,1.11,9.95,FALSE
6.08,Compensation and benefits,4.93,7.28,5.59,7.41,3.23,8.03,FALSE
6.39,Compensation and benefits,8.74,4.9,6.49,7.55,2.88,7.78,FALSE
6.54,Compensation and benefits,8.48,5.56,4.13,9.46,2.94,8.68,FALSE
7.14,Compensation and benefits,7.36,9.15,9.37,9.34,2.22,5.41,FALSE
6.17,Compensation and benefits,5.55,9.03,5.46,8.17,1.37,7.46,FALSE
6.02,Compensation and benefits,4.86,4.41,5.53,9.34,2.47,9.53,FALSE
5.87,Compensation and benefits,8.11,7.51,4.02,4.6,3.39,7.58,FALSE
5.17,Compensation and benefits,6.19,5.47,4.08,5.56,1.27,8.46,FALSE
6.54,Compensation and benefits,8.69,7.04,5.36,7.69,3.83,6.62,FALSE
5.32,Compensation and benefits,4.85,5.87,7.41,4.65,2.54,6.62,TRUE
6.64,Compensation and benefits,8.49,6.6,9.58,8.77,1.66,4.76,FALSE
5.56,Compensation and benefits,6.26,5.65,6.08,6.83,1.28,7.26,FALSE
6.38,Compensation and benefits,8.03,8.41,4.74,6.64,2.26,8.17,TRUE
6.9,Compensation and benefits,7.52,8.31,7.5,9.74,1.09,7.22,FALSE
5.48,Compensation and benefits,6.78,7.23,4.75,4.85,2.17,7.11,FALSE
5.64,Compensation and benefits,7.02,5.12,6.37,7.14,1.29,6.9,FALSE
6.26,Compensation and benefits,4.47,6.42,5.83,9.65,3.4,7.76,FALSE
7.15,Compensation and benefits,9.73,8.53,7.91,4.83,3.31,8.59,TRUE
7.36,Compensation and benefits,8.97,7.33,5.29,9.75,3.96,8.88,FALSE
5.49,Compensation and benefits,7.68,5.86,7.16,5.32,1.63,5.26,FALSE
7.03,Compensation and benefits,9.15,8.88,9.93,8.1,1.57,4.54,FALSE
7.5,Compensation and benefits,6.51,8.75,9.52,9.33,3.31,7.58,FALSE
6.09,Compensation and benefits,8.01,8.55,5.66,8.33,1.36,4.65,FALSE
5.55,Compensation and benefits,6.41,5.8,4.52,5.8,3.64,7.14,FALSE
5.73,Compensation and benefits,8.45,4.96,4.69,7.59,2.41,6.27,FALSE
6.03,Compensation and benefits,6.07,8.37,5.74,7.52,1.19,7.3,TRUE
6.89,Compensation and benefits,8.73,7.22,9.97,8.33,1.54,5.55,FALSE
6.04,Compensation and benefits,9.61,8.53,4.39,4.9,1.78,7.04,TRUE
6.27,Compensation and benefits,5.36,7.82,9.45,8.09,2.75,4.16,FALSE
6.89,Compensation and benefits,7.82,8,9.56,8.87,1.66,5.45,TRUE
5.86,Compensation and benefits,4.24,5.98,9.73,6.63,1.83,6.75,FALSE
7.52,Compensation and benefits,9.62,7.01,7.52,9.68,3.96,7.33,FALSE
6.81,Compensation and benefits,9.5,8.29,4.48,6.47,3.23,8.9,FALSE
6.04,Compensation and benefits,5.13,7.93,5.6,6.7,3.99,6.9,FALSE
6.51,Compensation and benefits,4.59,8.61,6.76,6.53,3.75,8.81,FALSE
5.25,Compensation and benefits,5.74,7.48,5.31,5.88,2.56,4.54,FALSE
6.85,Compensation and benefits,9.08,8.69,4.71,9.34,1.79,7.48,FALSE
6.39,Compensation and benefits,4.4,8.82,7,5.04,3.49,9.58,FALSE
5.43,Compensation and benefits,5.57,7.86,5,4.6,1.72,7.83,FALSE
6.66,Compensation and benefits,8.07,4.53,7.59,8.75,2.25,8.78,TRUE
5.37,Compensation and benefits,8.62,4.54,4.48,5.74,2.22,6.63,FALSE
6.45,Compensation and benefits,6.34,5.14,9.37,7.18,2.39,8.27,FALSE
6.72,Compensation and benefits,9.24,9,7.65,4.85,3.03,6.57,TRUE
7.71,Compensation and benefits,8.23,9.34,9.29,7.86,1.82,9.73,FALSE
6.62,Compensation and benefits,5.73,6.76,9.37,8.98,1.29,7.59,FALSE
7.37,Compensation and benefits,9.78,8.39,5.31,7.48,3.68,9.56,TRUE
5.96,Compensation and benefits,9.25,4.5,6.61,5.86,1.35,8.16,FALSE
6.61,Compensation and benefits,5.97,8.95,7.18,9.12,3.38,5.04,FALSE
5.57,Compensation and benefits,5.65,5.24,4.71,9.43,1.46,6.92,TRUE
7.82,Compensation and benefits,8.21,8.99,8.16,9.76,3.71,8.09,FALSE
6.29,Compensation and benefits,8.47,9.11,7.55,5.92,2.01,4.68,FALSE
6.33,Compensation and benefits,6.5,9.59,7.92,7.06,2.84,4.06,FALSE
6.8,Compensation and benefits,4.48,8.71,8.33,7.5,1.76,9.99,FALSE
7.43,Compensation and benefits,5.71,9.99,9.29,7.71,3.17,8.7,TRUE
7.56,Compensation and benefits,9.46,7.96,8.26,9.02,2.53,8.13,FALSE
7.21,Compensation and benefits,7.48,9.54,9.65,7.63,2.42,6.53,FALSE
6.38,Compensation and benefits,6.22,8.89,5.94,6.21,3.16,7.83,TRUE
6.39,Compensation and benefits,7.84,4.09,5.93,9.62,1.15,9.72,FALSE
6.72,Compensation and benefits,9.78,8.36,7.3,4.03,2.21,8.61,FALSE
6.45,Compensation and benefits,5.35,9.97,5.46,7.67,1.74,8.48,TRUE
6.71,Compensation and benefits,5.16,9.74,4.97,9.68,3.63,7.07,FALSE
6.15,Compensation and benefits,6.43,8.34,6,5.6,3.55,6.98,FALSE
5.83,Compensation and benefits,6.82,7.98,4.89,8.09,1.64,5.58,FALSE
7.41,Compensation and benefits,9.62,8.58,5.61,7.66,3.75,9.24,TRUE
6.34,Compensation and benefits,7.58,6.8,5.53,5.88,3.44,8.8,FALSE
5.12,Compensation and benefits,7.26,4.81,4.66,6.14,3.31,4.54,FALSE
5.1,Compensation and benefits,4.48,4.81,5.5,4.09,2.1,9.61,FALSE
6.57,Compensation and benefits,4.03,9.88,7.25,7.88,3.02,7.33,TRUE
5.95,Compensation and benefits,6.2,5.85,6.69,5.94,3.3,7.73,FALSE
5.24,Compensation and benefits,7.16,4.75,6.31,6.11,2.36,4.72,FALSE
5.85,Compensation and benefits,7.33,4.08,4.17,7.34,2.43,9.77,TRUE
7.19,Compensation and benefits,8.86,9.39,6.36,6.92,1.72,9.88,FALSE
5.55,Compensation and benefits,5.43,8.12,6.61,5.27,3.16,4.68,FALSE
6.68,Compensation and benefits,9.55,4.73,8.69,5.1,2.88,9.12,FALSE
4.98,Compensation and benefits,4.78,6.1,4.02,4.6,2.03,8.34,TRUE
6.17,Compensation and benefits,8.23,8.7,6.09,6.27,3.01,4.7,FALSE
5.24,Work-life balance,4.36,7.88,6.68,7.19,4.02,1.31,FALSE
8.29,Work-life balance,9.67,8.3,9.31,9.06,9.91,3.5,FALSE
5.39,Work-life balance,5.7,9.27,6.09,4.36,4.73,2.19,FALSE
4.75,Work-life balance,4.6,4.19,6.18,5.46,4.25,3.8,TRUE
5.7,Work-life balance,7.66,7,5.19,5.83,6.19,2.34,FALSE
6.3,Work-life balance,9.87,7.15,5.57,4.78,8.26,2.19,FALSE
6.23,Work-life balance,9.1,6.73,8.14,4.51,5.8,3.12,FALSE
5.62,Work-life balance,6.66,5.61,5.13,7.98,5.76,2.59,FALSE
6.56,Work-life balance,9.1,5.81,5.51,9.76,7.41,1.75,FALSE
6.82,Work-life balance,7.7,9.36,7,5.23,7.78,3.86,FALSE
5.66,Work-life balance,6.77,6.43,5.78,5.76,7.61,1.62,FALSE
5.34,Work-life balance,9.41,5.55,4.25,5.71,5.02,2.08,FALSE
5.84,Work-life balance,7.98,4.12,5,6.34,8.2,3.37,FALSE
5.45,Work-life balance,8.71,6.33,6.71,5.13,4.72,1.09,FALSE
5.75,Work-life balance,7.97,6.01,6.51,7.64,5,1.36,FALSE
6,Work-life balance,6.61,5.02,5.16,9.74,6.7,2.76,FALSE
6.54,Work-life balance,4.81,7.63,7.58,9.95,6.79,2.49,TRUE
5.55,Work-life balance,6.94,6.08,5.43,6.23,4.92,3.69,FALSE
7.61,Work-life balance,6.14,9.61,8.66,9.99,9.17,2.1,FALSE
5.15,Work-life balance,4.07,8.18,4.14,7.04,6.26,1.23,FALSE
6.53,Work-life balance,7.61,9.08,6.95,7.9,6.43,1.23,TRUE
7.23,Work-life balance,7.67,9.01,9.54,6.35,9.63,1.17,FALSE
6.69,Work-life balance,7.71,9.33,8.09,6.38,5.75,2.87,FALSE
7,Work-life balance,6.21,7.03,7.35,9.51,9.63,2.26,FALSE
6.14,Work-life balance,9.77,6,6.74,5.31,7.33,1.68,TRUE
5.49,Work-life balance,7.91,5.38,4.88,9.35,4.12,1.32,FALSE
6.46,Work-life balance,5.95,9.27,5.55,7.3,6.94,3.76,FALSE
6.7,Work-life balance,9.97,7.34,8.3,5.23,6.53,2.82,FALSE
6.75,Work-life balance,6.6,9.53,4.79,9.06,7.18,3.36,FALSE
5.1,Work-life balance,5.46,5.24,6.56,7.66,4.4,1.25,FALSE
5.76,Work-life balance,9.41,8.89,4.47,5.21,5.42,1.14,FALSE
5.74,Work-life balance,6.32,6.66,6.74,7.2,4.59,2.9,FALSE
4.86,Work-life balance,5.47,4.82,6.21,5.44,6.12,1.11,FALSE
6.3,Work-life balance,7.61,7.25,4.89,9.41,5.83,2.82,FALSE
6.08,Work-life balance,5.88,4.56,5.7,9.61,7.43,3.27,FALSE
6.52,Work-life balance,9.17,7.77,8.68,5.25,7.24,1.01,FALSE
5.98,Work-life balance,4.86,7.94,4.35,5.95,9.02,3.76,FALSE
5.88,Work-life balance,4.63,7.94,4.13,7.27,7.87,3.41,FALSE
6.86,Work-life balance,7.93,6.94,4.05,9.9,8.94,3.4,TRUE
7.65,Work-life balance,8.72,9.03,8.05,8.37,8.26,3.47,FALSE
6.45,Work-life balance,6.73,6.46,8.25,6.09,9.89,1.28,FALSE
5.21,Work-life balance,4.43,4.22,4.64,4.42,9.71,3.85,TRUE
5.05,Work-life balance,4.1,4.23,7.34,4.53,7.54,2.56,FALSE
6.35,Work-life balance,6.33,7.02,5.91,9.63,5.88,3.34,TRUE
6.27,Work-life balance,6.51,7.05,7.18,4.36,9.04,3.45,FALSE
5.85,Work-life balance,5.55,7.16,6.21,8.09,5.01,3.06,TRUE
6.77,Work-life balance,9.55,5.39,8.51,9.13,6.15,1.91,FALSE
6.73,Work-life balance,6.13,8.94,7.1,7.35,7.03,3.81,FALSE
5.86,Work-life balance,5.94,8.17,7.78,4.23,7.78,1.25,FALSE
6.77,Work-life balance,7.03,9.58,5.24,9.29,6.56,2.89,FALSE
6.78,Work-life balance,8.92,7.81,7.75,6.65,7.73,1.81,FALSE
6.21,Work-life balance,8.81,4.57,9.87,5.69,6.52,1.77,FALSE
6.98,Work-life balance,7.55,8.81,9.51,5.14,8.54,2.34,FALSE
6.03,Work-life balance,4.08,5.26,8.05,7.15,9.67,1.99,FALSE
6.43,Work-life balance,8.35,5.01,9.04,8.13,4.07,3.97,TRUE
5.59,Work-life balance,6.72,7.39,4.98,6.31,4.35,3.78,FALSE
6.13,Work-life balance,5.16,9.72,5.62,7.14,5.81,3.32,FALSE
6.42,Work-life balance,7.15,6.31,8.79,8.58,4.71,2.99,FALSE
6.78,Work-life balance,7.48,6.15,7.69,7.91,8.94,2.49,TRUE
8.14,Work-life balance,9.28,9.97,8.96,7.68,9.58,3.37,FALSE
5.45,Work-life balance,5.33,4.01,4.58,9.89,5.41,3.48,FALSE
5.24,Work-life balance,5.7,5.54,7.95,6.72,4.51,1.02,FALSE
7.08,Work-life balance,9.79,9.58,9.54,7.14,5.16,1.24,FALSE
5.9,Work-life balance,6.03,4.21,5.72,8.97,6.98,3.47,TRUE
6.05,Work-life balance,8.54,8.28,4.48,5.38,7.45,2.14,FALSE
6.68,Work-life balance,8.29,4.58,9.57,9.33,6.52,1.8,FALSE
7.29,Work-life balance,8.13,8.21,8.52,8.68,7.5,2.68,FALSE
5.79,Work-life balance,7.12,6.24,8.79,5.64,5.11,1.84,FALSE
6.59,Work-life balance,4.69,5.84,9.32,7.42,8.77,3.49,TRUE
6.19,Work-life balance,6.84,9.67,4.31,5.98,8.49,1.85,TRUE
5.76,Work-life balance,6.21,5.01,5.48,6.24,8.23,3.4,TRUE
5.63,Work-life balance,6.57,8.14,5.55,7.29,4.22,1.99,TRUE
5.02,Work-life balance,7.54,4.11,6.12,4.7,6.24,1.41,TRUE
5.84,Work-life balance,9.77,4.91,8.21,4.77,6.23,1.15,FALSE
5.42,Work-life balance,4.71,7.24,7.59,6.79,4.62,1.56,FALSE
7.47,Work-life balance,9.12,6.84,9.56,9.4,8.64,1.26,FALSE
6.22,Work-life balance,6.69,9.21,4.66,6.64,6.74,3.4,FALSE
6.55,Work-life balance,5.6,7.77,7.5,7.12,8.69,2.6,FALSE
7.04,Work-life balance,9.79,5.09,9.12,6.54,8.48,3.19,FALSE
4.72,Work-life balance,4.44,5.35,4.28,5.15,6.56,2.52,FALSE
5.06,Work-life balance,5.84,6.83,5.02,7.19,4.17,1.31,FALSE
5.32,Work-life balance,7.59,4.96,5.64,5.33,4.91,3.5,FALSE
6.01,Work-life balance,9.62,7.43,5.96,7.03,4.12,1.9,FALSE
4.76,Work-life balance,4.24,6.3,5.01,4.91,5.73,2.37,FALSE
7.37,Work-life balance,7.57,9.49,9.08,7.37,8.17,2.55,FALSE
5.63,Work-life balance,6.43,4.16,7.17,4.95,9.97,1.12,FALSE
5.09,Work-life balance,4.18,6.82,5.51,6.08,5.39,2.54,FALSE
5.87,Work-life balance,7.04,4.71,5.75,8.7,6.57,2.47,TRUE
6.35,Work-life balance,9.86,7.24,6.86,4.64,8,1.47,FALSE
5.87,Work-life balance,6.1,6.87,4.06,7.66,9.41,1.13,FALSE
5.71,Work-life balance,9.62,4.33,6.92,4.35,7.83,1.22,FALSE
5.62,Work-life balance,9.04,5.93,5.6,4.21,7.27,1.66,FALSE
6.4,Work-life balance,5.54,9.15,7.09,7.22,7.32,2.08,TRUE
5.63,Work-life balance,5.72,8.29,6.18,4.94,6.49,2.18,FALSE
5.52,Work-life balance,4.01,9.22,8.07,4.42,6.13,1.25,FALSE
5.71,Work-life balance,4.4,7.37,6.76,6.37,6.09,3.27,FALSE
6.06,Work-life balance,6.76,8.72,6.5,4.87,7.67,1.84,FALSE
5.83,Work-life balance,5.64,6.09,9.65,7.05,4.36,2.18,TRUE
6.36,Work-life balance,4.2,6.38,8.42,8.55,8.47,2.13,FALSE
5.98,Work-life balance,6.45,7.52,6.11,5.43,8.86,1.49,FALSE
6.98,,7.89,4.69,7.72,6.21,8.73,6.66,TRUE
6.96,,9.67,5.86,6.66,6.11,6.7,6.73,TRUE
6.53,,9.58,4.94,5.9,4.53,9.05,5.2,TRUE
7.04,,5.41,8.27,4.83,8,8.62,7.09,TRUE
7.08,,4.33,6.83,8.49,6.4,8.04,8.36,TRUE
6.74,,9.08,4.83,4.03,9.01,4.54,8.92,TRUE
6.96,,5.87,6.55,9.63,5.73,6.72,7.23,TRUE
7.84,,8.91,6.83,7.13,9.57,4.86,9.71,TRUE
7.19,,4.48,8.09,8.59,9.88,4.83,7.29,TRUE
7.15,,9.99,5.11,7.36,6.33,9.21,4.92,TRUE
8.43,,5.09,8.9,9.94,9.42,9.01,8.21,TRUE
6.33,,6.91,7.13,5.08,5.78,6.45,6.65,TRUE
7.26,,7.04,7.16,9,6.45,7.24,6.66,TRUE
7.24,,8.61,6.59,8.56,8.46,5.33,5.88,TRUE
7.74,,8.77,9.71,8.6,8.73,4.09,6.52,TRUE
6.57,,6.31,4.25,8.87,8.96,4.3,6.72,TRUE
6.98,,7.63,8.87,7.26,7.31,6.71,4.11,TRUE
5.75,,9.55,5.91,5.79,4.32,4.52,4.4,TRUE
7.22,,5.16,6.3,9.6,6.81,9.84,5.6,TRUE
7.58,,6.8,7.84,7.47,7.87,7.18,8.32,TRUE
6.48,,8.24,7.19,5.45,7.22,6.29,4.46,TRUE
6.72,,9.12,7.28,5.08,4.79,9.81,4.21,TRUE
7.72,,9.54,9.65,6.17,7.34,6.72,6.9,TRUE
7.15,,9.98,4.92,9.47,8.94,4.56,5.02,TRUE
6.91,,5.15,8.31,4.45,8.43,5.15,9.95,TRUE
6.72,,4.93,7.28,5.59,7.41,7.1,8.03,TRUE
6.87,,8.74,4.9,6.49,7.55,5.78,7.78,TRUE
7.47,,8.48,5.56,4.13,9.46,8.49,8.68,TRUE
7.5,,7.36,9.15,9.37,9.34,4.38,5.41,TRUE
7.47,,5.55,9.03,5.46,8.17,9.17,7.46,TRUE
7.2,,4.86,4.41,5.53,9.34,9.53,9.53,TRUE
6.92,,8.11,7.51,4.02,4.6,9.67,7.58,TRUE
6.33,,6.19,5.47,4.08,5.56,8.2,8.46,TRUE
6.79,,8.69,7.04,5.36,7.69,5.36,6.62,TRUE
5.77,,4.85,5.87,7.41,4.65,5.21,6.62,TRUE
7.94,,8.49,6.6,9.58,8.77,9.46,4.76,TRUE
6.88,,6.26,5.65,6.08,6.83,9.18,7.26,TRUE
7.22,,8.03,8.41,4.74,6.64,7.33,8.17,TRUE
8.17,,7.52,8.31,7.5,9.74,8.72,7.22,TRUE
5.96,,6.78,7.23,4.75,4.85,5.05,7.11,TRUE
7.07,,7.02,5.12,6.37,7.14,9.86,6.9,TRUE
6.89,,4.47,6.42,5.83,9.65,7.19,7.76,TRUE
7.5,,9.73,8.53,7.91,4.83,5.41,8.59,TRUE
7.55,,8.97,7.33,5.29,9.75,5.09,8.88,TRUE
6.12,,7.68,5.86,7.16,5.32,5.45,5.26,TRUE
8.09,,9.15,8.88,9.93,8.1,7.91,4.54,TRUE
8.44,,6.51,8.75,9.52,9.33,8.97,7.58,TRUE
6.73,,8.01,8.55,5.66,8.33,5.19,4.65,TRUE
6.16,,6.41,5.8,4.52,5.8,7.29,7.14,TRUE
6.15,,8.45,4.96,4.69,7.59,4.96,6.27,TRUE
6.71,,6.07,8.37,5.74,7.52,5.25,7.3,TRUE
7.51,,8.73,7.22,9.97,8.33,5.24,5.55,TRUE
6.93,,9.61,8.53,4.39,4.9,7.08,7.04,TRUE
7.38,,5.36,7.82,9.45,8.09,9.38,4.16,TRUE
7.67,,7.82,8,9.56,8.87,6.33,5.45,TRUE
7.02,,4.24,5.98,9.73,6.63,8.77,6.75,TRUE
8.12,,9.62,7.01,7.52,9.68,7.57,7.33,TRUE
7.68,,9.5,8.29,4.48,6.47,8.41,8.9,TRUE
6.11,,5.13,7.93,5.6,6.7,4.4,6.9,TRUE
6.76,,4.59,8.61,6.76,6.53,5.25,8.81,TRUE
6.27,,5.74,7.48,5.31,5.88,8.64,4.54,TRUE
7.33,,9.08,8.69,4.71,9.34,4.66,7.48,TRUE
7.22,,4.4,8.82,7,5.04,8.46,9.58,TRUE
6.18,,5.57,7.86,5,4.6,6.2,7.83,TRUE
7.73,,8.07,4.53,7.59,8.75,8.67,8.78,TRUE
5.96,,8.62,4.54,4.48,5.74,5.74,6.63,TRUE
7.7,,6.34,5.14,9.37,7.18,9.9,8.27,TRUE
7.77,,9.24,9,7.65,4.85,9.28,6.57,TRUE
8.55,,8.23,9.34,9.29,7.86,6.86,9.73,TRUE
7.38,,5.73,6.76,9.37,8.98,5.86,7.59,TRUE
7.47,,9.78,8.39,5.31,7.48,4.27,9.56,TRUE
6.5,,9.25,4.5,6.61,5.86,4.6,8.16,TRUE
7.63,,5.97,8.95,7.18,9.12,9.54,5.04,TRUE
6.17,,5.65,5.24,4.71,9.43,5.05,6.92,TRUE
8.51,,8.21,8.99,8.16,9.76,7.83,8.09,TRUE
6.78,,8.47,9.11,7.55,5.92,4.93,4.68,TRUE
6.87,,6.5,9.59,7.92,7.06,6.07,4.06,TRUE
7.37,,4.48,8.71,8.33,7.5,5.22,9.99,TRUE
8.48,,5.71,9.99,9.29,7.71,9.45,8.7,TRUE
8.41,,9.46,7.96,8.26,9.02,7.63,8.13,TRUE
8.33,,7.48,9.54,9.65,7.63,9.12,6.53,TRUE
6.88,,6.22,8.89,5.94,6.21,6.18,7.83,TRUE
7.51,,7.84,4.09,5.93,9.62,7.85,9.72,TRUE
7.5,,9.78,8.36,7.3,4.03,6.92,8.61,TRUE
7.77,,5.35,9.97,5.46,7.67,9.7,8.48,TRUE
7.63,,5.16,9.74,4.97,9.68,9.16,7.07,TRUE
6.44,,6.43,8.34,6,5.6,5.3,6.98,TRUE
6.66,,6.82,7.98,4.89,8.09,6.57,5.58,TRUE
7.69,,9.62,8.58,5.61,7.66,5.4,9.24,TRUE
6.99,,7.58,6.8,5.53,5.88,7.35,8.8,TRUE
5.5,,7.26,4.81,4.66,6.14,5.57,4.54,TRUE
6.2,,4.48,4.81,5.5,4.09,8.68,9.61,TRUE
7.11,,4.03,9.88,7.25,7.88,6.3,7.33,TRUE
6.12,,6.2,5.85,6.69,5.94,4.33,7.73,TRUE
5.8,,7.16,4.75,6.31,6.11,5.73,4.72,TRUE
6.33,,7.33,4.08,4.17,7.34,5.3,9.77,TRUE
8.07,,8.86,9.39,6.36,6.92,7.02,9.88,TRUE
6.04,,5.43,8.12,6.61,5.27,6.1,4.68,TRUE
7.53,,9.55,4.73,8.69,5.1,7.99,9.12,TRUE
5.53,,4.78,6.1,4.02,4.6,5.33,8.34,TRUE
6.62,,8.23,8.7,6.09,6.27,5.71,4.7,TRUE
6.47,,4.36,7.88,6.68,7.19,4.02,8.7,TRUE
8.54,,9.67,8.3,9.31,9.06,9.91,4.99,TRUE
6.03,,5.7,9.27,6.09,4.36,4.73,6.02,TRUE
5.01,,4.6,4.19,6.18,5.46,4.25,5.35,TRUE
6.03,,7.66,7,5.19,5.83,6.19,4.3,TRUE
7.03,,9.87,7.15,5.57,4.78,8.26,6.56,TRUE
6.81,,9.1,6.73,8.14,4.51,5.8,6.59,TRUE
6.72,,6.66,5.61,5.13,7.98,5.76,9.15,TRUE
7.47,,9.1,5.81,5.51,9.76,7.41,7.25,TRUE
7.55,,7.7,9.36,7,5.23,7.78,8.21,TRUE
6.53,,6.77,6.43,5.78,5.76,7.61,6.85,TRUE
6.46,,9.41,5.55,4.25,5.71,5.02,8.83,TRUE
6.85,,7.98,4.12,5,6.34,8.2,9.48,TRUE
6.38,,8.71,6.33,6.71,5.13,4.72,6.7,TRUE
6.25,,7.97,6.01,6.51,7.64,5,4.36,TRUE
6.85,,6.61,5.02,5.16,9.74,6.7,7.84,TRUE
7.19,,4.81,7.63,7.58,9.95,6.79,6.4,TRUE
6.37,,6.94,6.08,5.43,6.23,4.92,8.64,TRUE
8.93,,6.14,9.61,8.66,9.99,9.17,9.98,TRUE
6.32,,4.07,8.18,4.14,7.04,6.26,8.21,TRUE
7.15,,7.61,9.08,6.95,7.9,6.43,4.91,TRUE
8.65,,7.67,9.01,9.54,6.35,9.63,9.7,TRUE
6.96,,7.71,9.33,8.09,6.38,5.75,4.49,TRUE
7.78,,6.21,7.03,7.35,9.51,9.63,6.93,TRUE
6.86,,9.77,6,6.74,5.31,7.33,5.99,TRUE
6.82,,7.91,5.38,4.88,9.35,4.12,9.3,TRUE
7,,5.95,9.27,5.55,7.3,6.94,6.97,TRUE
7.14,,9.97,7.34,8.3,5.23,6.53,5.48,TRUE
7.01,,6.6,9.53,4.79,9.06,7.18,4.88,TRUE
6.52,,5.46,5.24,6.56,7.66,4.4,9.78,TRUE
7.13,,9.41,8.89,4.47,5.21,5.42,9.4,TRUE
6.35,,6.32,6.66,6.74,7.2,4.59,6.6,TRUE
6.34,,5.47,4.82,6.21,5.44,6.12,10,TRUE
6.79,,7.61,7.25,4.89,9.41,5.83,5.75,TRUE
7,,5.88,4.56,5.7,9.61,7.43,8.79,TRUE
7.88,,9.17,7.77,8.68,5.25,7.24,9.17,TRUE
6.68,,4.86,7.94,4.35,5.95,9.02,7.94,TRUE
6.82,,4.63,7.94,4.13,7.27,7.87,9.05,TRUE
7.14,,7.93,6.94,4.05,9.9,8.94,5.09,TRUE
7.78,,8.72,9.03,8.05,8.37,8.26,4.25,TRUE
7.37,,6.73,6.46,8.25,6.09,9.89,6.78,TRUE
5.73,,4.43,4.22,4.64,4.42,9.71,6.95,TRUE
5.54,,4.1,4.23,7.34,4.53,7.54,5.48,TRUE
6.72,,6.33,7.02,5.91,9.63,5.88,5.55,TRUE
6.43,,6.51,7.05,7.18,4.36,9.04,4.46,TRUE
6.23,,5.55,7.16,6.21,8.09,5.01,5.33,TRUE
7.56,,9.55,5.39,8.51,9.13,6.15,6.61,TRUE
6.76,,6.13,8.94,7.1,7.35,7.03,4.01,TRUE
6.46,,5.94,8.17,7.78,4.23,7.78,4.86,TRUE
7.85,,7.03,9.58,5.24,9.29,6.56,9.4,TRUE
8.09,,8.92,7.81,7.75,6.65,7.73,9.7,TRUE
6.93,,8.81,4.57,9.87,5.69,6.52,6.1,TRUE
7.89,,7.55,8.81,9.51,5.14,8.54,7.78,TRUE
7.27,,4.08,5.26,8.05,7.15,9.67,9.39,TRUE
6.93,,8.35,5.01,9.04,8.13,4.07,7,TRUE
5.98,,6.72,7.39,4.98,6.31,4.35,6.15,TRUE
7.17,,5.16,9.72,5.62,7.14,5.81,9.58,TRUE
7.51,,7.15,6.31,8.79,8.58,4.71,9.53,TRUE
7.87,,7.48,6.15,7.69,7.91,8.94,9.05,TRUE
8.5,,9.28,9.97,8.96,7.68,9.58,5.53,TRUE
5.66,,5.33,4.01,4.58,9.89,5.41,4.72,TRUE
6.17,,5.7,5.54,7.95,6.72,4.51,6.62,TRUE
7.61,,9.79,9.58,9.54,7.14,5.16,4.45,TRUE
6.37,,6.03,4.21,5.72,8.97,6.98,6.33,TRUE
6.75,,8.54,8.28,4.48,5.38,7.45,6.35,TRUE
7.91,,8.29,4.58,9.57,9.33,6.52,9.15,TRUE
7.75,,8.13,8.21,8.52,8.68,7.5,5.43,TRUE
7.04,,7.12,6.24,8.79,5.64,5.11,9.35,TRUE
7.03,,4.69,5.84,9.32,7.42,8.77,6.13,TRUE
6.69,,6.84,9.67,4.31,5.98,8.49,4.83,TRUE
6.85,,6.21,5.01,5.48,6.24,8.23,9.94,TRUE
6.27,,6.57,8.14,5.55,7.29,4.22,5.83,TRUE
6.32,,7.54,4.11,6.12,4.7,6.24,9.18,TRUE
7.16,,9.77,4.91,8.21,4.77,6.23,9.04,TRUE
6.17,,4.71,7.24,7.59,6.79,4.62,6.09,TRUE
8.13,,9.12,6.84,9.56,9.4,8.64,5.24,TRUE
6.81,,6.69,9.21,4.66,6.64,6.74,6.93,TRUE
7.76,,5.6,7.77,7.5,7.12,8.69,9.86,TRUE
7.18,,9.79,5.09,9.12,6.54,8.48,4.08,TRUE
5.88,,4.44,5.35,4.28,5.15,6.56,9.52,TRUE
5.59,,5.84,6.83,5.02,7.19,4.17,4.49,TRUE
5.84,,7.59,4.96,5.64,5.33,4.91,6.63,TRUE
7.3,,9.62,7.43,5.96,7.03,4.12,9.65,TRUE
5.76,,4.24,6.3,5.01,4.91,5.73,8.37,TRUE
7.8,,7.57,9.49,9.08,7.37,8.17,5.09,TRUE
7.1,,6.43,4.16,7.17,4.95,9.97,9.89,TRUE
5.75,,4.18,6.82,5.51,6.08,5.39,6.5,TRUE
6.71,,7.04,4.71,5.75,8.7,6.57,7.48,TRUE
7.64,,9.86,7.24,6.86,4.64,8,9.23,TRUE
7.23,,6.1,6.87,4.06,7.66,9.41,9.27,TRUE
6.36,,9.62,4.33,6.92,4.35,7.83,5.11,TRUE
6.68,,9.04,5.93,5.6,4.21,7.27,8.01,TRUE
6.87,,5.54,9.15,7.09,7.22,7.32,4.88,TRUE
6.74,,5.72,8.29,6.18,4.94,6.49,8.82,TRUE
6.25,,4.01,9.22,8.07,4.42,6.13,5.66,TRUE
6.16,,4.4,7.37,6.76,6.37,6.09,5.98,TRUE
7.36,,6.76,8.72,6.5,4.87,7.67,9.63,TRUE
6.15,,5.64,6.09,9.65,7.05,4.36,4.1,TRUE
6.95,,4.2,6.38,8.42,8.55,8.47,5.7,TRUE
7.2,,6.45,7.52,6.11,5.43,8.86,8.82,TRUE
6.78,,6.73,4.71,8.67,4.43,7.94,8.21,TRUE
8.3,,9.63,9.79,7.68,5.22,7.91,9.57,TRUE
7.62,,9.74,6.17,6.05,8.66,9.68,5.44,TRUE
5.57,,5.35,5.31,4.55,6.26,4.2,7.77,TRUE
5.83,,7.24,4.21,4.6,6.29,4.2,8.43,TRUE
8.14,,5.72,9.77,9.89,8.77,4.78,9.89,TRUE
7.98,,6.09,9.2,8.77,8.72,8.78,6.33,TRUE
7.09,,6.59,9.94,7.49,4.67,4.71,9.14,TRUE
6.88,,4.24,5.9,6.89,6.77,9.5,7.97,TRUE
7.42,,4.38,8.74,9.85,5.25,8.45,7.84,TRUE
7.13,,9.61,8,5.37,5.99,9.41,4.37,TRUE
6.42,,7.75,5.14,4.56,6.19,8.51,6.38,TRUE
7.31,,4.55,7.31,8.54,5.62,9.32,8.51,TRUE
5.63,,7.41,4.13,4.06,4.47,9.63,4.07,TRUE
7.1,,6.13,6.45,5.63,9.38,6.16,8.87,TRUE
7.11,,5.77,9.18,8.95,7.58,4.3,6.9,TRUE
7.07,,7.4,7.18,5.67,8.96,6.33,6.88,TRUE
6.09,,5.31,7.96,4.39,6.81,5.38,6.68,TRUE
7.83,,4.96,7.62,9.73,9.5,5.23,9.94,TRUE
7.62,,9.47,8.23,5.56,7.24,9.04,6.15,TRUE
6.1,,5,5.36,5.08,8.8,4.73,7.61,TRUE
6.08,,4.07,4.65,9.68,6,5.03,7.05,TRUE
7.11,,9.9,6.43,6.15,8.33,6.09,5.76,TRUE
6.47,,9.42,8.78,4.93,5.68,4.55,5.47,TRUE
6.83,,9.13,7.71,5.69,8.82,4.76,4.85,TRUE
6.9,,5.29,7.91,9.93,8.62,4.31,5.33,TRUE
6.85,,8.47,5.31,8.77,4.71,8.12,5.71,TRUE
7.71,,5.08,9.19,9.91,7.54,4.95,9.57,TRUE
5.56,,5.41,6.19,4.91,4.25,7.64,4.96,TRUE
7.61,,7.64,7.28,7.45,8.57,8.18,6.52,TRUE
6.81,,7.22,8.81,4.94,7.61,5.94,6.34,TRUE
7.38,,9.79,7.93,7.2,8.97,4.46,5.95,TRUE
8.06,,9.22,7.94,6.65,7.07,7.79,9.7,TRUE
7.52,,5.34,8.8,4.94,9.77,8.95,7.3,TRUE
6.64,,7.59,6.94,4.27,4.5,8.92,7.61,TRUE
6.48,,6.39,9.5,4.73,7.27,4.42,6.57,TRUE
6.97,,7.55,8.38,8.87,5.71,6.35,4.93,TRUE
6.29,,8.94,4.72,5.51,7.88,6.57,4.14,TRUE
8.29,,7.37,9.93,7.29,9.59,7.41,8.13,TRUE
7.3,,7.19,9.34,5.75,5.59,9.91,6.03,TRUE
6.03,,5.24,4.75,7.22,7.36,5.47,6.12,TRUE
7.2,,8.51,6.77,4.56,9.53,5.16,8.67,TRUE
7.87,,7.96,6.03,6.39,9.61,7.64,9.59,TRUE
7.54,,7.47,6.24,8.3,7.31,8.74,7.17,TRUE
7.18,,8.56,4.67,9.29,7.36,4.63,8.59,TRUE
7.24,,8.72,8.97,7.44,6.3,4.1,7.92,TRUE
7.4,,7.67,5.54,9.94,7.43,4.09,9.71,TRUE
7.28,,7.63,9.47,6.84,8.31,5.71,5.69,TRUE
6.81,,5.63,7.69,7.01,5.33,6.47,8.71,TRUE
6.93,,7.33,7.07,6.62,5.07,7.49,7.98,TRUE
5.9,,5.34,5.64,5.25,6.67,5.72,6.78,TRUE
5.65,,4.34,6.28,8.83,5.67,4.44,4.34,TRUE
6.9,,4.97,5.43,5.77,5.59,9.75,9.88,TRUE
7.5,,7.18,4.37,5.62,8.73,9.14,9.97,TRUE
6.75,,6.85,7.23,5.9,8.94,6.9,4.66,TRUE
6.31,,8.34,6.01,5.49,7.11,4.07,6.86,TRUE
6.77,,6.6,6.92,6.93,6.51,7.03,6.62,TRUE
8.79,,8.57,9,9.77,7.39,8.42,9.56,TRUE
7.29,,8.84,8.91,4.68,8.89,4.65,7.77,TRUE
6.68,,5.64,5.16,9.73,4.49,9.68,5.36,TRUE
7.23,,7.39,9.46,8.67,6.63,4.24,6.97,TRUE
6.19,,4.31,5,7.64,7.24,4.04,8.93,TRUE
7.49,,5.05,5.43,7.28,9.8,8.98,8.39,TRUE
7.27,,6.21,8.74,6.53,5.55,8.12,8.49,TRUE
7.09,,7.03,6.87,9.71,6.27,6.6,6.07,TRUE
8.03,,8.49,8.79,6.13,8.95,8.72,7.07,TRUE
6.79,,6.46,10,4.23,5.99,5.26,8.82,TRUE
7.28,,6.48,6.2,5.73,8.62,8.08,8.54,TRUE
7.69,,8.26,7.7,7.72,7.74,5.79,8.92,TRUE
7.61,,8.16,9.98,9.26,6.05,6.43,5.8,TRUE
6.21,,6.24,6.51,5.35,4.54,5.07,9.56,TRUE
7.37,,6.07,6.97,9.36,9.56,7.55,4.68,TRUE
8.04,,9.22,9.92,4.82,9.89,6.81,7.58,TRUE
7.62,,8.88,7.28,9.81,6.33,7.84,5.56,TRUE
7.32,,9.55,6.93,5.12,9.48,8.65,4.19,TRUE
7,,6.62,6.76,4.24,9.96,5.19,9.2,TRUE
7.57,,7.19,6.74,9.67,9.57,5.59,6.66,TRUE
6.59,,4.58,7.65,5.59,9.59,5.89,6.26,TRUE
7.26,,9.58,8.37,9.28,5.21,6.19,4.94,TRUE
8.18,,8.74,8.85,8.01,9.24,8.9,5.36,TRUE
8.03,,7.3,8.47,9.12,8.75,4.88,9.66,TRUE
7.48,,10,5.95,5.58,5.99,8.56,8.81,TRUE
7.36,,8.09,4.89,9.88,8.16,4.45,8.7,TRUE
7.64,,5.09,6.44,7.84,6.75,9.9,9.79,TRUE
7.46,,5.23,9.83,5.69,4.83,9.73,9.44,TRUE
6.06,,8.03,4.48,4.74,5.93,7.19,5.96,TRUE
6.39,,7.29,7.01,4.98,7.97,4.3,6.77,TRUE
7.58,,9.3,6.93,9.76,6.98,6.17,6.36,TRUE
5.79,,8.24,5.17,4.64,5.91,6.65,4.13,TRUE
6.59,,6.88,4.93,4.65,8.6,7.17,7.33,TRUE
7.11,,5.59,6.14,6.49,7.6,7.8,9.04,TRUE
7.56,,4.31,8.29,6.59,9.65,7.27,9.25,TRUE
7.04,,4.79,9.22,5.19,8.96,5.86,8.19,TRUE
7.92,,4.93,9.31,9.46,9.47,5.41,8.92,TRUE
7.49,,8.49,8.85,6.81,6.5,9.58,4.68,TRUE
6.28,,4.46,6.4,7.54,5.71,7.47,6.09,TRUE
6.62,,4.22,7.53,8.58,5.45,4.51,9.43,TRUE
7.72,,9.93,9.25,7.77,5.33,6.11,7.9,TRUE
6.02,,6.32,6.23,6.8,6.12,5.36,5.29,TRUE
7.65,,7.94,7.42,6.38,9.21,5.36,9.57,TRUE
6.33,,5.54,4.95,7.82,4.12,8.24,7.31,TRUE
7.07,,7.12,7.85,7.41,9.34,6.05,4.63,TRUE
7.58,,5.21,6.85,9.88,7.22,7.74,8.56,TRUE
7.38,,9.14,9.09,7.94,7.3,6.09,4.74,TRUE
7.08,,9.93,7.65,4.6,7.21,4.33,8.77,TRUE
6.42,,6.34,6.17,6.62,6.77,4.57,8.07,TRUE
7.77,,6.6,9.11,9.39,8.39,6.57,6.53,TRUE
6.34,,5.06,7.53,8.6,4.65,5.65,6.56,TRUE
6.36,,6.48,7.95,4.46,8.2,6.21,4.86,TRUE
6.58,,5.62,5.59,8.19,8.3,5.88,5.9,TRUE
8.85,,8.92,8.93,9.61,6.94,8.88,9.83,TRUE
6.5,,8.56,6.27,6.04,7.39,5.44,5.29,TRUE
6.77,,7.45,4.57,8.65,5.93,9.19,4.81,TRUE
7.09,,4.79,6.22,8.53,8.09,9.34,5.54,TRUE
7.32,,7.32,9.28,7.54,5.4,8.83,5.52,TRUE
6.12,,7.82,5.16,6.56,5.07,8.04,4.07,TRUE
7.21,,9.59,6.91,5.88,6.71,8.88,5.26,TRUE
7.12,,7.61,8.71,5.53,8.24,6.48,6.12,TRUE
6.46,,4.21,6.56,5.84,6.08,6.65,9.44,TRUE
7.29,,4.43,9.34,9.66,6.62,6.36,7.34,TRUE
6.45,,5.01,7.69,4.34,7.04,6.93,7.69,TRUE
7.92,,9.82,6.64,8.05,7.69,7.6,7.74,TRUE
6.79,,5.92,9.79,6.06,4.75,5.77,8.43,TRUE
5.82,,5.9,4.47,4.64,6.16,6.78,6.97,TRUE
8.08,,8.88,4.6,9.93,7.53,9.24,8.32,TRUE
6.35,,5.15,5.83,6.05,5.95,9.66,5.47,TRUE
5.73,,4.08,5.81,7.43,7.44,4.99,4.64,TRUE
6.79,,5.58,6.13,4.06,9.31,5.71,9.96,TRUE
7.45,,9.46,7.99,8.15,7.26,4.04,7.82,TRUE
7.76,,6.47,5.24,7.39,9.94,9.92,7.58,TRUE
7.75,,9.26,8.73,5.9,9.95,8.34,4.32,TRUE
7.35,,5.3,7.45,8.73,5.6,9.06,7.97,TRUE
6.84,,7.17,7.66,7.28,5.06,8.75,5.09,TRUE
6.89,,9.94,4.52,7.42,8.75,5.04,5.64,TRUE
8.75,,7.25,9.97,9.24,8.43,9.87,7.72,TRUE
6.02,,5.63,6.05,8.2,4.32,4.79,7.14,TRUE
7.91,,8.15,8.02,8.88,7.46,8.41,6.53,TRUE
6.65,,4.15,8.15,6.39,4.97,8.76,7.49,TRUE
7.45,,4.31,6.98,9.82,7.48,9.15,6.98,TRUE
6.27,,9.01,7.23,4.4,6.15,4.67,6.17,TRUE
6.74,,9.09,5.97,4.43,5.66,7.49,7.81,TRUE
5.88,,6.03,5.3,4.08,7.68,4.48,7.69,TRUE
7.34,,9.07,7.45,4.47,6.52,8.92,7.58,TRUE
7.35,,7.11,8.72,6.58,7.62,7.17,6.87,TRUE
7.1,,9.42,6.99,6.75,8.69,6.52,4.21,TRUE
7.07,,6.9,5.52,6.71,8.87,7.77,6.64,TRUE
6.24,,6.32,4.12,7.52,9.18,6.16,4.13,TRUE
7.88,,9.74,9.11,7.3,6.37,6.08,8.66,TRUE
7.03,,7.36,7.53,7.29,5.22,6.87,7.88,TRUE
7.33,,5.39,8.84,6.1,6.21,8.95,8.49,TRUE
7.81,,9.58,8.12,9.42,9.82,4.02,5.9,TRUE
7.05,,4.45,8.93,5.04,5.99,9.91,7.98,TRUE
6.33,,5.8,9.92,8.16,4.46,4.73,4.88,TRUE
5.35,,6.06,6.01,4.2,4.61,5.88,5.31,TRUE
6.4,,4.81,9.72,7.39,6.07,6.43,4,TRUE
6.6,,7.08,5.98,6.62,7.58,7.27,5.07,TRUE
7.21,,7.05,6.43,6.51,8.81,5.89,8.56,TRUE
7.4,,8.52,7.68,4.47,6.68,8.33,8.72,TRUE
7.29,,5.92,7.39,6.62,8.67,7.05,8.11,TRUE
7.63,,5.16,8.69,5.85,9.03,8.46,8.58,TRUE
7.14,,7.55,9.21,7.71,5.07,6.06,7.21,TRUE
5.81,,6.88,4.63,5.09,5.67,8.17,4.44,TRUE
7.58,,9.37,5.07,9.23,7.99,7.25,6.59,TRUE
6.49,,4.43,7.38,5.13,8.14,4.35,9.52,TRUE
6.86,,8.01,4.67,4.92,7.51,6.78,9.28,TRUE
7.83,,9,7.83,7.66,9.34,8.44,4.68,TRUE
7.57,,6.09,4.95,9.59,7.96,9.3,7.53,TRUE
6.87,,5.51,7.07,8.72,5.11,5.62,9.2,TRUE
7.93,,8.89,8.73,7.39,5.91,8.33,8.32,TRUE
6.97,,4.91,4.87,8.63,6.86,7.32,9.21,TRUE
7.39,,9.77,8.15,6.05,6.33,6.86,7.18,TRUE
7.11,,7.84,5.38,7.93,6.28,8.18,7.04,TRUE
6.59,,7.31,4.04,8.13,5.98,5.78,8.29,TRUE
6.22,,5.84,7.13,4.15,4.16,9.99,6.03,TRUE
6.74,,7.76,9.39,5.76,4.68,4.07,8.75,TRUE
7.68,,7.82,7.32,9.02,7.71,8.1,6.1,TRUE
6.09,,4.39,6.53,5.69,5.62,9.02,5.31,TRUE
7.01,,8.59,4.42,5.21,5.98,8.03,9.81,TRUE
6.01,,6.42,4.06,5.02,8.01,4.01,8.51,TRUE
5.94,,5.29,8.12,8.83,4.26,4.92,4.22,TRUE
7.02,,8.53,6.91,5.03,6.79,6.5,8.35,TRUE
6.76,,7.97,6.22,8.11,9.24,4.46,4.58,TRUE
7.75,,9.29,8.44,9.02,4.38,8.76,6.63,TRUE
7.39,,4.15,6.99,9.81,7.76,9.36,6.25,TRUE
7.11,,8.31,6.81,8.85,6.62,4.23,7.82,TRUE
7.05,,9.16,5.78,8.81,6.35,6.07,6.1,TRUE
7.25,,4.49,9.88,6.6,4.9,8.62,9.02,TRUE
5.9,,6.43,4.41,7.66,6.9,5.52,4.46,TRUE
6.53,,7.8,4.02,5.5,6.42,5.47,9.97,TRUE
6.75,,5.93,6.12,8.25,5.95,9.5,4.76,TRUE
8.09,,6.56,7.33,9.09,8.62,8.27,8.68,TRUE
6.34,,7.92,8.27,5.07,4.29,6.31,6.15,TRUE
6.29,,9.13,6.19,5.78,4.45,6.99,5.22,TRUE
6.5,,5.3,7.38,5.43,6.02,7.69,7.16,TRUE
7.01,,4.54,8.22,6.44,4.66,9.75,8.47,TRUE
8.09,,5.11,8.98,8.67,9.64,8.83,7.3,TRUE
7.82,,8.24,7.76,5.34,8.21,9.2,8.14,TRUE
7.42,,8.34,6.14,8.17,8.66,6.84,6.37,TRUE
6.81,,5.44,7.46,6.29,9.07,5.03,7.58,TRUE
7.7,,8.39,7.5,4.07,9.22,9.65,7.38,TRUE
